Data As Of,Jurisdiction of Occurrence,MMWR Year,MMWR Week,Week Ending Date,All Cause,Natural Cause,Septicemia (A40-A41),Malignant neoplasms (C00-C97),Diabetes mellitus (E10-E14),Alzheimer disease (G30),Influenza and pneumonia (J09-J18),Chronic lower respiratory diseases (J40-J47),"Other diseases of respiratory system (J00-J06,J30-J39,J67,J70-J98)","Nephritis, nephrotic syndrome and nephrosis (N00-N07,N17-N19,N25-N27)","Symptoms, signs and abnormal clinical and laboratory findings, not elsewhere classified (R00-R99)","Diseases of heart (I00-I09,I11,I13,I20-I51)",Cerebrovascular diseases (I60-I69),"COVID-19 (U071, Multiple Cause of Death)","COVID-19 (U071, Underlying Cause of Death)",flag_allcause,flag_natcause,flag_sept,flag_neopl,flag_diab,flag_alz,flag_inflpn,flag_clrd,flag_otherresp,flag_nephr,flag_otherunk,flag_hd,flag_stroke,flag_cov19mcod,flag_cov19ucod
09/27/2023,Colorado,2020,1,2020-01-04,854,758,,157,19,33,,53,20,13,,177,47,0,0,,,Suppressed (counts 1-9),,,,Suppressed (counts 1-9),,,,Suppressed (counts 1-9),,,,
09/27/2023,Colorado,2020,2,2020-01-11,872,773,,176,25,41,16,48,,11,,168,47,0,0,,,Suppressed (counts 1-9),,,,,,Suppressed (counts 1-9),,Suppressed (counts 1-9),,,,
09/27/2023,Colorado,2020,3,2020-01-18,848,752,10,185,21,30,16,61,13,12,,164,49,0,0,,,,,,,,,,,Suppressed (counts 1-9),,,,
09/27/2023,Colorado,2020,4,2020-01-25,853,751,,180,21,39,27,60,21,17,,147,40,0,0,,,Suppressed (counts 1-9),,,,,,,,Suppressed (counts 1-9),,,,
09/27/2023,Colorado,2020,5,2020-02-01,793,707,,162,17,44,11,47,,11,,146,52,0,0,,,Suppressed (counts 1-9),,,,,,Suppressed (counts 1-9),,Suppressed (counts 1-9),,,,
09/27/2023,Colorado,2020,6,2020-02-08,847,755,,177,26,43,17,59,15,10,,155,35,0,0,,,Suppressed (counts 1-9),,,,,,,,Suppressed (counts 1-9),,,,
09/27/2023,Colorado,2020,7,2020-02-15,807,704,11,168,15,47,14,52,18,10,,133,41,0,0,,,,,,,,,,,Suppressed (counts 1-9),,,,
09/27/2023,Colorado,2020,8,2020-02-22,881,759,,179,28,39,10,49,10,18,,160,56,0,0,,,Suppressed (counts 1-9),,,,,,,,Suppressed (counts 1-9),,,,
09/27/2023,Colorado,2020,9,2020-02-29,842,742,,163,18,39,19,67,,,,163,41,0,0,,,Suppressed (counts 1-9),,,,,,Suppressed (counts 1-9),Suppressed (counts 1-9),Suppressed (counts 1-9),,,,
09/27/2023,Colorado,2020,10,2020-03-07,821,718,,150,21,33,16,57,12,,,155,44,0,0,,,Suppressed (counts 1-9),,,,,,,Suppressed (counts 1-9),Suppressed (counts 1-9),,,,
09/27/2023,Colorado,2020,11,2020-03-14,822,715,10,162,19,39,15,54,,13,,151,43,,,,,,,,,,,Suppressed (counts 1-9),,Suppressed (counts 1-9),,,Suppressed (counts 1-9),Suppressed (counts 1-9)
09/27/2023,Colorado,2020,12,2020-03-21,891,781,16,169,29,37,22,60,14,12,,155,40,17,12,,,,,,,,,,,Suppressed (counts 1-9),,,,
09/27/2023,Colorado,2020,13,2020-03-28,860,779,10,152,13,55,21,58,16,,,170,44,47,45,,,,,,,,,,Suppressed (counts 1-9),Suppressed (counts 1-9),,,,
09/27/2023,Colorado,2020,14,2020-04-04,967,890,18,177,26,51,16,52,18,12,,156,42,129,124,,,,,,,,,,,Suppressed (counts 1-9),,,,
09/27/2023,Colorado,2020,15,2020-04-11,1096,987,11,167,28,47,13,50,22,,,175,39,214,202,,,,,,,,,,Suppressed (counts 1-9),Suppressed (counts 1-9),,,,
09/27/2023,Colorado,2020,16,2020-04-18,1106,1003,,172,26,65,,65,11,15,,176,49,218,197,,,Suppressed (counts 1-9),,,,Suppressed (counts 1-9),,,,Suppressed (counts 1-9),,,,
09/27/2023,Colorado,2020,17,2020-04-25,1067,949,,170,24,54,11,55,,11,,157,37,224,211,,,Suppressed (counts 1-9),,,,,,Suppressed (counts 1-9),,Suppressed (counts 1-9),,,,
09/27/2023,Colorado,2020,18,2020-05-02,999,890,,147,11,39,10,43,14,,,163,44,189,174,,,Suppressed (counts 1-9),,,,,,,Suppressed (counts 1-9),Suppressed (counts 1-9),,,,
09/27/2023,Colorado,2020,19,2020-05-09,906,784,,129,27,33,,36,13,,,154,41,139,127,,,Suppressed (counts 1-9),,,,Suppressed (counts 1-9),,,Suppressed (counts 1-9),Suppressed (counts 1-9),,,,
09/27/2023,Colorado,2020,20,2020-05-16,887,775,,158,20,43,,50,15,,,142,48,97,81,,,Suppressed (counts 1-9),,,,Suppressed (counts 1-9),,,Suppressed (counts 1-9),Suppressed (counts 1-9),,,,
09/27/2023,Colorado,2020,21,2020-05-23,847,747,12,140,23,29,,36,,,,184,39,93,79,,,,,,,Suppressed (counts 1-9),,Suppressed (counts 1-9),Suppressed (counts 1-9),Suppressed (counts 1-9),,,,
09/27/2023,Colorado,2020,22,2020-05-30,834,724,,144,19,34,,47,14,,0,139,45,75,66,,,Suppressed (counts 1-9),,,,Suppressed (counts 1-9),,,Suppressed (counts 1-9),,,,,
09/27/2023,Colorado,2020,23,2020-06-06,820,706,,143,22,41,,44,10,,,144,30,63,49,,,Suppressed (counts 1-9),,,,Suppressed (counts 1-9),,,Suppressed (counts 1-9),Suppressed (counts 1-9),,,,
09/27/2023,Colorado,2020,24,2020-06-13,816,707,,147,23,32,,49,14,,,152,35,59,48,,,Suppressed (counts 1-9),,,,Suppressed (counts 1-9),,,Suppressed (counts 1-9),Suppressed (counts 1-9),,,,
09/27/2023,Colorado,2020,25,2020-06-20,863,747,,156,14,27,,48,18,10,,160,40,38,30,,,Suppressed (counts 1-9),,,,Suppressed (counts 1-9),,,,Suppressed (counts 1-9),,,,
09/27/2023,Colorado,2020,26,2020-06-27,877,742,11,162,27,41,,40,12,,,174,45,22,15,,,,,,,Suppressed (counts 1-9),,,Suppressed (counts 1-9),Suppressed (counts 1-9),,,,
09/27/2023,Colorado,2020,27,2020-07-04,788,682,,140,19,36,,29,14,,,153,47,25,23,,,Suppressed (counts 1-9),,,,Suppressed (counts 1-9),,,Suppressed (counts 1-9),Suppressed (counts 1-9),,,,
09/27/2023,Colorado,2020,28,2020-07-11,815,692,,137,23,47,,42,12,,,151,42,28,21,,,Suppressed (counts 1-9),,,,Suppressed (counts 1-9),,,Suppressed (counts 1-9),Suppressed (counts 1-9),,,,
09/27/2023,Colorado,2020,29,2020-07-18,808,683,,167,28,39,,42,11,12,,130,45,43,31,,,Suppressed (counts 1-9),,,,Suppressed (counts 1-9),,,,Suppressed (counts 1-9),,,,
09/27/2023,Colorado,2020,30,2020-07-25,833,707,,161,15,47,10,36,,,,150,54,33,27,,,Suppressed (counts 1-9),,,,,,Suppressed (counts 1-9),Suppressed (counts 1-9),Suppressed (counts 1-9),,,,
09/27/2023,Colorado,2020,31,2020-08-01,813,701,,159,21,33,,41,,,,154,38,36,29,,,Suppressed (counts 1-9),,,,Suppressed (counts 1-9),,Suppressed (counts 1-9),Suppressed (counts 1-9),Suppressed (counts 1-9),,,,
09/27/2023,Colorado,2020,32,2020-08-08,841,723,11,160,20,46,,45,,,10,146,39,39,34,,,,,,,Suppressed (counts 1-9),,Suppressed (counts 1-9),Suppressed (counts 1-9),,,,,
09/27/2023,Colorado,2020,33,2020-08-15,836,710,10,144,23,35,,45,10,,,160,38,28,23,,,,,,,Suppressed (counts 1-9),,,Suppressed (counts 1-9),Suppressed (counts 1-9),,,,
09/27/2023,Colorado,2020,34,2020-08-22,863,735,10,151,22,40,,50,12,13,10,170,26,19,15,,,,,,,Suppressed (counts 1-9),,,,,,,,
09/27/2023,Colorado,2020,35,2020-08-29,817,708,,162,17,34,,40,,,,140,53,29,24,,,Suppressed (counts 1-9),,,,Suppressed (counts 1-9),,Suppressed (counts 1-9),Suppressed (counts 1-9),Suppressed (counts 1-9),,,,
09/27/2023,Colorado,2020,36,2020-09-05,743,637,,143,14,31,,35,10,,,130,43,20,17,,,Suppressed (counts 1-9),,,,Suppressed (counts 1-9),,,Suppressed (counts 1-9),Suppressed (counts 1-9),,,,
09/27/2023,Colorado,2020,37,2020-09-12,850,748,,168,28,31,,42,,10,,152,45,33,27,,,Suppressed (counts 1-9),,,,Suppressed (counts 1-9),,Suppressed (counts 1-9),,Suppressed (counts 1-9),,,,
09/27/2023,Colorado,2020,38,2020-09-19,804,700,10,162,25,46,,35,,,,138,34,21,20,,,,,,,Suppressed (counts 1-9),,Suppressed (counts 1-9),Suppressed (counts 1-9),Suppressed (counts 1-9),,,,
09/27/2023,Colorado,2020,39,2020-09-26,838,722,,163,17,32,,50,14,10,,161,38,24,17,,,Suppressed (counts 1-9),,,,Suppressed (counts 1-9),,,,Suppressed (counts 1-9),,,,
09/27/2023,Colorado,2020,40,2020-10-03,782,689,10,150,18,29,,38,12,,,141,49,35,28,,,,,,,Suppressed (counts 1-9),,,Suppressed (counts 1-9),Suppressed (counts 1-9),,,,
09/27/2023,Colorado,2020,41,2020-10-10,801,691,,145,17,34,,38,12,,,162,33,38,34,,,Suppressed (counts 1-9),,,,Suppressed (counts 1-9),,,Suppressed (counts 1-9),Suppressed (counts 1-9),,,,
09/27/2023,Colorado,2020,42,2020-10-17,867,779,13,163,25,36,,40,13,14,,164,41,41,34,,,,,,,Suppressed (counts 1-9),,,,Suppressed (counts 1-9),,,,
09/27/2023,Colorado,2020,43,2020-10-24,869,776,,147,25,41,,50,14,,,151,52,62,57,,,Suppressed (counts 1-9),,,,Suppressed (counts 1-9),,,Suppressed (counts 1-9),Suppressed (counts 1-9),,,,
09/27/2023,Colorado,2020,44,2020-10-31,907,828,,151,28,54,,46,,11,,148,45,96,86,,,Suppressed (counts 1-9),,,,Suppressed (counts 1-9),,Suppressed (counts 1-9),,Suppressed (counts 1-9),,,,
09/27/2023,Colorado,2020,45,2020-11-07,1007,894,12,163,19,67,,53,,,,145,50,167,148,,,,,,,Suppressed (counts 1-9),,Suppressed (counts 1-9),Suppressed (counts 1-9),Suppressed (counts 1-9),,,,
09/27/2023,Colorado,2020,46,2020-11-14,1040,941,,148,19,46,,59,14,20,,151,48,228,197,,,Suppressed (counts 1-9),,,,Suppressed (counts 1-9),,,,Suppressed (counts 1-9),,,,
09/27/2023,Colorado,2020,47,2020-11-21,1132,1029,11,155,25,49,,57,13,,,165,43,267,230,,,,,,,Suppressed (counts 1-9),,,Suppressed (counts 1-9),Suppressed (counts 1-9),,,,
09/27/2023,Colorado,2020,48,2020-11-28,1216,1117,11,177,28,57,,58,,,,188,48,348,306,,,,,,,Suppressed (counts 1-9),,Suppressed (counts 1-9),Suppressed (counts 1-9),Suppressed (counts 1-9),,,,
09/27/2023,Colorado,2020,49,2020-12-05,1256,1148,13,163,29,50,,63,14,11,,148,33,448,390,,,,,,,Suppressed (counts 1-9),,,,Suppressed (counts 1-9),,,,
09/27/2023,Colorado,2020,50,2020-12-12,1258,1155,14,157,26,58,,46,15,,,166,45,428,366,,,,,,,Suppressed (counts 1-9),,,Suppressed (counts 1-9),Suppressed (counts 1-9),,,,
09/27/2023,Colorado,2020,51,2020-12-19,1201,1116,,170,36,41,,32,16,10,,161,44,402,351,,,Suppressed (counts 1-9),,,,Suppressed (counts 1-9),,,,Suppressed (counts 1-9),,,,
09/27/2023,Colorado,2020,52,2020-12-26,1100,1013,,172,23,35,,39,13,10,,161,46,308,266,,,Suppressed (counts 1-9),,,,Suppressed (counts 1-9),,,,Suppressed (counts 1-9),,,,
09/27/2023,Colorado,2020,53,2021-01-02,1098,968,,153,31,48,,50,,11,,173,44,263,209,,,Suppressed (counts 1-9),,,,Suppressed (counts 1-9),,Suppressed (counts 1-9),,Suppressed (counts 1-9),,,,
09/27/2023,Colorado,2021,1,2021-01-09,1080,965,11,167,35,47,,46,14,13,,157,42,211,177,,,,,,,Suppressed (counts 1-9),,,,Suppressed (counts 1-9),,,,
09/27/2023,Colorado,2021,2,2021-01-16,1007,894,,182,23,38,,36,13,,,176,54,165,138,,,Suppressed (counts 1-9),,,,Suppressed (counts 1-9),,,Suppressed (counts 1-9),Suppressed (counts 1-9),,,,
09/27/2023,Colorado,2021,3,2021-01-23,985,851,,174,24,38,,39,17,13,,133,57,158,122,,,Suppressed (counts 1-9),,,,Suppressed (counts 1-9),,,,Suppressed (counts 1-9),,,,
09/27/2023,Colorado,2021,4,2021-01-30,932,830,,176,24,33,,41,15,13,,155,43,141,108,,,Suppressed (counts 1-9),,,,Suppressed (counts 1-9),,,,Suppressed (counts 1-9),,,,
09/27/2023,Colorado,2021,5,2021-02-06,931,822,,160,20,40,,64,17,,,155,38,118,94,,,Suppressed (counts 1-9),,,,Suppressed (counts 1-9),,,Suppressed (counts 1-9),Suppressed (counts 1-9),,,,
09/27/2023,Colorado,2021,6,2021-02-13,833,747,16,136,21,27,,48,16,,,156,39,100,80,,,,,,,Suppressed (counts 1-9),,,Suppressed (counts 1-9),Suppressed (counts 1-9),,,,
09/27/2023,Colorado,2021,7,2021-02-20,894,787,,148,32,31,,52,11,,0,167,48,65,52,,,Suppressed (counts 1-9),,,,Suppressed (counts 1-9),,,Suppressed (counts 1-9),,,,,
09/27/2023,Colorado,2021,8,2021-02-27,872,755,12,143,20,48,,48,22,12,,146,47,59,46,,,,,,,Suppressed (counts 1-9),,,,Suppressed (counts 1-9),,,,
09/27/2023,Colorado,2021,9,2021-03-06,867,739,,150,16,43,,35,13,12,,147,51,51,39,,,Suppressed (counts 1-9),,,,Suppressed (counts 1-9),,,,Suppressed (counts 1-9),,,,
09/27/2023,Colorado,2021,10,2021-03-13,842,728,,153,18,39,,38,11,12,,156,41,50,36,,,Suppressed (counts 1-9),,,,Suppressed (counts 1-9),,,,Suppressed (counts 1-9),,,,
09/27/2023,Colorado,2021,11,2021-03-20,897,777,11,141,23,38,,44,13,10,,193,34,45,30,,,,,,,Suppressed (counts 1-9),,,,Suppressed (counts 1-9),,,,
09/27/2023,Colorado,2021,12,2021-03-27,884,760,10,151,27,44,,43,20,,,167,45,43,32,,,,,,,Suppressed (counts 1-9),,,Suppressed (counts 1-9),Suppressed (counts 1-9),,,,
09/27/2023,Colorado,2021,13,2021-04-03,837,720,,150,18,27,,48,14,12,,150,41,48,39,,,Suppressed (counts 1-9),,,,Suppressed (counts 1-9),,,,Suppressed (counts 1-9),,,,
09/27/2023,Colorado,2021,14,2021-04-10,802,687,,171,29,28,,40,11,,,134,38,26,19,,,Suppressed (counts 1-9),,,,Suppressed (counts 1-9),,,Suppressed (counts 1-9),Suppressed (counts 1-9),,,,
09/27/2023,Colorado,2021,15,2021-04-17,867,755,,136,25,33,,30,14,,,177,45,62,52,,,Suppressed (counts 1-9),,,,Suppressed (counts 1-9),,,Suppressed (counts 1-9),Suppressed (counts 1-9),,,,
09/27/2023,Colorado,2021,16,2021-04-24,833,711,,144,27,21,,38,17,13,,158,33,56,41,,,Suppressed (counts 1-9),,,,Suppressed (counts 1-9),,,,Suppressed (counts 1-9),,,,
09/27/2023,Colorado,2021,17,2021-05-01,844,726,,143,25,44,,50,12,,,148,50,54,44,,,Suppressed (counts 1-9),,,,Suppressed (counts 1-9),,,Suppressed (counts 1-9),Suppressed (counts 1-9),,,,
09/27/2023,Colorado,2021,18,2021-05-08,846,744,,149,17,46,,45,11,11,,163,36,72,62,,,Suppressed (counts 1-9),,,,Suppressed (counts 1-9),,,,Suppressed (counts 1-9),,,,
09/27/2023,Colorado,2021,19,2021-05-15,874,747,10,153,27,29,,40,17,12,,143,38,93,80,,,,,,,Suppressed (counts 1-9),,,,Suppressed (counts 1-9),,,,
09/27/2023,Colorado,2021,20,2021-05-22,844,721,,155,21,28,,42,15,,,135,36,69,60,,,Suppressed (counts 1-9),,,,Suppressed (counts 1-9),,,Suppressed (counts 1-9),Suppressed (counts 1-9),,,,
09/27/2023,Colorado,2021,21,2021-05-29,818,704,,142,18,23,,48,15,13,,146,44,63,54,,,Suppressed (counts 1-9),,,,Suppressed (counts 1-9),,,,Suppressed (counts 1-9),,,,
09/27/2023,Colorado,2021,22,2021-06-05,827,721,,163,29,32,,33,,,,144,34,69,58,,,Suppressed (counts 1-9),,,,Suppressed (counts 1-9),,Suppressed (counts 1-9),Suppressed (counts 1-9),Suppressed (counts 1-9),,,,
09/27/2023,Colorado,2021,23,2021-06-12,883,739,11,164,18,33,,45,,10,,155,35,48,40,,,,,,,Suppressed (counts 1-9),,Suppressed (counts 1-9),,Suppressed (counts 1-9),,,,
09/27/2023,Colorado,2021,24,2021-06-19,842,711,10,140,19,38,,38,17,13,,151,32,42,37,,,,,,,Suppressed (counts 1-9),,,,Suppressed (counts 1-9),,,,
09/27/2023,Colorado,2021,25,2021-06-26,800,673,10,126,27,21,,42,14,10,,151,31,43,31,,,,,,,Suppressed (counts 1-9),,,,Suppressed (counts 1-9),,,,
09/27/2023,Colorado,2021,26,2021-07-03,849,730,,165,17,29,,34,14,11,,146,42,44,36,,,Suppressed (counts 1-9),,,,Suppressed (counts 1-9),,,,Suppressed (counts 1-9),,,,
09/27/2023,Colorado,2021,27,2021-07-10,837,718,13,147,30,36,,36,13,10,,137,31,55,45,,,,,,,Suppressed (counts 1-9),,,,Suppressed (counts 1-9),,,,
09/27/2023,Colorado,2021,28,2021-07-17,841,722,,161,29,27,,45,11,11,,135,35,38,34,,,Suppressed (counts 1-9),,,,Suppressed (counts 1-9),,,,Suppressed (counts 1-9),,,,
09/27/2023,Colorado,2021,29,2021-07-24,863,749,10,163,19,28,,43,12,14,,162,49,45,41,,,,,,,Suppressed (counts 1-9),,,,Suppressed (counts 1-9),,,,
09/27/2023,Colorado,2021,30,2021-07-31,835,717,,146,14,29,,43,14,11,,162,33,44,37,,,Suppressed (counts 1-9),,,,Suppressed (counts 1-9),,,,Suppressed (counts 1-9),,,,
09/27/2023,Colorado,2021,31,2021-08-07,843,718,,152,25,29,,49,,15,,145,38,42,33,,,Suppressed (counts 1-9),,,,Suppressed (counts 1-9),,Suppressed (counts 1-9),,Suppressed (counts 1-9),,,,
09/27/2023,Colorado,2021,32,2021-08-14,904,773,10,172,20,23,,30,,,,156,47,64,57,,,,,,,Suppressed (counts 1-9),,Suppressed (counts 1-9),Suppressed (counts 1-9),Suppressed (counts 1-9),,,,
09/27/2023,Colorado,2021,33,2021-08-21,914,781,,167,15,31,,38,15,10,,154,34,88,75,,,Suppressed (counts 1-9),,,,Suppressed (counts 1-9),,,,Suppressed (counts 1-9),,,,
09/27/2023,Colorado,2021,34,2021-08-28,926,791,14,177,24,33,,35,12,11,,149,38,96,80,,,,,,,Suppressed (counts 1-9),,,,Suppressed (counts 1-9),,,,
09/27/2023,Colorado,2021,35,2021-09-04,911,793,11,147,24,33,,49,11,,,153,31,106,99,,,,,,,Suppressed (counts 1-9),,,Suppressed (counts 1-9),Suppressed (counts 1-9),,,,
09/27/2023,Colorado,2021,36,2021-09-11,922,793,15,166,24,30,,45,12,,,148,38,101,90,,,,,,,Suppressed (counts 1-9),,,Suppressed (counts 1-9),Suppressed (counts 1-9),,,,
09/27/2023,Colorado,2021,37,2021-09-18,979,831,14,172,24,33,,43,13,11,,162,38,122,108,,,,,,,Suppressed (counts 1-9),,,,Suppressed (counts 1-9),,,,
09/27/2023,Colorado,2021,38,2021-09-25,967,852,,143,23,36,,39,12,11,,152,54,130,117,,,Suppressed (counts 1-9),,,,Suppressed (counts 1-9),,,,Suppressed (counts 1-9),,,,
09/27/2023,Colorado,2021,39,2021-10-02,1033,907,12,167,26,35,,41,10,,,164,23,157,150,,,,,,,Suppressed (counts 1-9),,,Suppressed (counts 1-9),Suppressed (counts 1-9),,,,
09/27/2023,Colorado,2021,40,2021-10-09,991,860,,141,15,32,,49,21,10,,164,36,171,150,,,Suppressed (counts 1-9),,,,Suppressed (counts 1-9),,,,Suppressed (counts 1-9),,,,
09/27/2023,Colorado,2021,41,2021-10-16,1035,899,11,149,19,29,,51,13,21,,164,45,157,145,,,,,,,Suppressed (counts 1-9),,,,Suppressed (counts 1-9),,,,
09/27/2023,Colorado,2021,42,2021-10-23,1043,939,15,171,27,33,,49,19,10,,172,42,196,174,,,,,,,Suppressed (counts 1-9),,,,Suppressed (counts 1-9),,,,
09/27/2023,Colorado,2021,43,2021-10-30,1069,945,13,180,20,26,11,46,,10,,170,44,218,196,,,,,,,,,Suppressed (counts 1-9),,Suppressed (counts 1-9),,,,
09/27/2023,Colorado,2021,44,2021-11-06,1164,1024,11,155,36,45,,49,21,,,180,51,254,235,,,,,,,Suppressed (counts 1-9),,,Suppressed (counts 1-9),Suppressed (counts 1-9),,,,
09/27/2023,Colorado,2021,45,2021-11-13,1120,1012,10,158,32,40,,56,15,,,145,47,285,263,,,,,,,Suppressed (counts 1-9),,,Suppressed (counts 1-9),Suppressed (counts 1-9),,,,
09/27/2023,Colorado,2021,46,2021-11-20,1165,1047,,152,25,45,,41,13,,10,171,44,291,269,,,Suppressed (counts 1-9),,,,Suppressed (counts 1-9),,,Suppressed (counts 1-9),,,,,
09/27/2023,Colorado,2021,47,2021-11-27,1182,1044,14,163,21,43,,51,16,19,,177,43,278,262,,,,,,,Suppressed (counts 1-9),,,,Suppressed (counts 1-9),,,,
09/27/2023,Colorado,2021,48,2021-12-04,1169,1057,,152,24,36,11,56,13,11,,186,38,293,271,,,Suppressed (counts 1-9),,,,,,,,Suppressed (counts 1-9),,,,
09/27/2023,Colorado,2021,49,2021-12-11,1128,995,,139,25,27,,50,16,14,,167,34,285,264,,,Suppressed (counts 1-9),,,,Suppressed (counts 1-9),,,,Suppressed (counts 1-9),,,,
09/27/2023,Colorado,2021,50,2021-12-18,1137,1023,12,163,27,32,,67,12,10,,174,35,252,232,,,,,,,Suppressed (counts 1-9),,,,Suppressed (counts 1-9),,,,
09/27/2023,Colorado,2021,51,2021-12-25,1098,978,,155,22,46,,49,19,12,,189,40,213,196,,,Suppressed (counts 1-9),,,,Suppressed (counts 1-9),,,,Suppressed (counts 1-9),,,,
09/27/2023,Colorado,2021,52,2022-01-01,1141,1028,15,167,29,45,,56,17,,,189,42,197,174,,,,,,,Suppressed (counts 1-9),,,Suppressed (counts 1-9),Suppressed (counts 1-9),,,,
09/27/2023,Colorado,2022,1,2022-01-08,1183,1073,13,180,31,37,20,60,24,19,,204,55,197,157,,,,,,,,,,,Suppressed (counts 1-9),,,,
09/27/2023,Colorado,2022,2,2022-01-15,1187,1066,10,179,32,47,11,56,,17,,198,42,243,202,,,,,,,,,Suppressed (counts 1-9),,Suppressed (counts 1-9),,,,
09/27/2023,Colorado,2022,3,2022-01-22,1196,1075,,164,29,56,16,60,12,13,,198,44,279,231,,,Suppressed (counts 1-9),,,,,,,,Suppressed (counts 1-9),,,,
09/27/2023,Colorado,2022,4,2022-01-29,1150,1033,12,151,42,41,14,55,10,10,,189,42,270,214,,,,,,,,,,,Suppressed (counts 1-9),,,,
09/27/2023,Colorado,2022,5,2022-02-05,1115,975,10,143,33,41,,55,16,15,,184,43,244,186,,,,,,,Suppressed (counts 1-9),,,,Suppressed (counts 1-9),,,,
09/27/2023,Colorado,2022,6,2022-02-12,1025,920,15,166,26,29,10,50,16,13,,154,55,189,149,,,,,,,,,,,Suppressed (counts 1-9),,,,
09/27/2023,Colorado,2022,7,2022-02-19,963,845,,161,14,27,,57,11,12,,156,46,141,105,,,Suppressed (counts 1-9),,,,Suppressed (counts 1-9),,,,Suppressed (counts 1-9),,,,
09/27/2023,Colorado,2022,8,2022-02-26,913,814,,152,21,33,,48,14,,,167,54,108,79,,,Suppressed (counts 1-9),,,,Suppressed (counts 1-9),,,Suppressed (counts 1-9),Suppressed (counts 1-9),,,,
09/27/2023,Colorado,2022,9,2022-03-05,943,828,,148,21,37,,37,16,15,,190,49,82,55,,,Suppressed (counts 1-9),,,,Suppressed (counts 1-9),,,,Suppressed (counts 1-9),,,,
09/27/2023,Colorado,2022,10,2022-03-12,924,795,,154,26,41,,49,14,15,,167,45,63,39,,,Suppressed (counts 1-9),,,,Suppressed (counts 1-9),,,,Suppressed (counts 1-9),,,,
09/27/2023,Colorado,2022,11,2022-03-19,848,748,16,152,17,29,,40,19,12,,160,49,50,28,,,,,,,Suppressed (counts 1-9),,,,Suppressed (counts 1-9),,,,
09/27/2023,Colorado,2022,12,2022-03-26,832,725,12,143,25,35,,47,13,,,153,43,43,22,,,,,,,Suppressed (counts 1-9),,,Suppressed (counts 1-9),Suppressed (counts 1-9),,,,
09/27/2023,Colorado,2022,13,2022-04-02,879,769,10,157,22,37,,35,11,13,,189,32,26,14,,,,,,,Suppressed (counts 1-9),,,,Suppressed (counts 1-9),,,,
09/27/2023,Colorado,2022,14,2022-04-09,819,716,13,177,25,31,12,46,12,,,137,40,23,,,,,,,,,,,Suppressed (counts 1-9),Suppressed (counts 1-9),,,,Suppressed (counts 1-9)
09/27/2023,Colorado,2022,15,2022-04-16,883,768,,153,27,52,,45,17,11,,178,49,18,12,,,Suppressed (counts 1-9),,,,Suppressed (counts 1-9),,,,Suppressed (counts 1-9),,,,
09/27/2023,Colorado,2022,16,2022-04-23,861,751,12,148,28,26,,50,,14,,184,42,19,,,,,,,,Suppressed (counts 1-9),,Suppressed (counts 1-9),,Suppressed (counts 1-9),,,,Suppressed (counts 1-9)
09/27/2023,Colorado,2022,17,2022-04-30,831,724,10,162,17,34,,51,17,,,141,41,21,10,,,,,,,Suppressed (counts 1-9),,,Suppressed (counts 1-9),Suppressed (counts 1-9),,,,
09/27/2023,Colorado,2022,18,2022-05-07,849,731,,170,14,50,13,52,12,,13,144,36,16,,,,Suppressed (counts 1-9),,,,,,,Suppressed (counts 1-9),,,,,Suppressed (counts 1-9)
09/27/2023,Colorado,2022,19,2022-05-14,869,748,11,156,20,27,13,49,21,,,156,48,20,14,,,,,,,,,,Suppressed (counts 1-9),Suppressed (counts 1-9),,,,
09/27/2023,Colorado,2022,20,2022-05-21,916,815,,175,28,39,16,61,14,10,,179,37,31,19,,,Suppressed (counts 1-9),,,,,,,,Suppressed (counts 1-9),,,,
09/27/2023,Colorado,2022,21,2022-05-28,857,737,11,153,16,40,12,46,13,12,,163,44,27,14,,,,,,,,,,,Suppressed (counts 1-9),,,,
09/27/2023,Colorado,2022,22,2022-06-04,856,740,,158,22,44,,46,15,,,181,28,46,22,,,Suppressed (counts 1-9),,,,Suppressed (counts 1-9),,,Suppressed (counts 1-9),Suppressed (counts 1-9),,,,
09/27/2023,Colorado,2022,23,2022-06-11,866,732,11,154,24,33,13,39,10,,,142,34,39,23,,,,,,,,,,Suppressed (counts 1-9),Suppressed (counts 1-9),,,,
09/27/2023,Colorado,2022,24,2022-06-18,853,733,11,143,22,26,,40,14,,,170,38,47,30,,,,,,,Suppressed (counts 1-9),,,Suppressed (counts 1-9),Suppressed (counts 1-9),,,,
09/27/2023,Colorado,2022,25,2022-06-25,911,784,,211,20,34,,44,10,13,,158,35,41,24,,,Suppressed (counts 1-9),,,,Suppressed (counts 1-9),,,,Suppressed (counts 1-9),,,,
09/27/2023,Colorado,2022,26,2022-07-02,838,718,,144,23,47,,34,,,,147,45,42,25,,,Suppressed (counts 1-9),,,,Suppressed (counts 1-9),,Suppressed (counts 1-9),Suppressed (counts 1-9),Suppressed (counts 1-9),,,,
09/27/2023,Colorado,2022,27,2022-07-09,876,750,,180,19,26,,42,13,14,,162,46,32,18,,,Suppressed (counts 1-9),,,,Suppressed (counts 1-9),,,,Suppressed (counts 1-9),,,,
09/27/2023,Colorado,2022,28,2022-07-16,819,701,,151,23,25,,37,11,10,,157,45,39,20,,,Suppressed (counts 1-9),,,,Suppressed (counts 1-9),,,,Suppressed (counts 1-9),,,,
09/27/2023,Colorado,2022,29,2022-07-23,880,754,12,172,21,32,,46,16,,,148,42,51,29,,,,,,,Suppressed (counts 1-9),,,Suppressed (counts 1-9),Suppressed (counts 1-9),,,,
09/27/2023,Colorado,2022,30,2022-07-30,827,706,,159,20,24,,39,,11,,158,34,48,28,,,Suppressed (counts 1-9),,,,Suppressed (counts 1-9),,Suppressed (counts 1-9),,Suppressed (counts 1-9),,,,
09/27/2023,Colorado,2022,31,2022-08-06,859,746,10,181,22,35,,33,12,11,,160,25,33,19,,,,,,,Suppressed (counts 1-9),,,,Suppressed (counts 1-9),,,,
09/27/2023,Colorado,2022,32,2022-08-13,764,635,,127,19,30,,34,10,,,144,35,33,17,,,Suppressed (counts 1-9),,,,Suppressed (counts 1-9),,,Suppressed (counts 1-9),Suppressed (counts 1-9),,,,
09/27/2023,Colorado,2022,33,2022-08-20,801,681,,136,29,25,,43,,12,,130,53,33,16,,,Suppressed (counts 1-9),,,,Suppressed (counts 1-9),,Suppressed (counts 1-9),,Suppressed (counts 1-9),,,,
09/27/2023,Colorado,2022,34,2022-08-27,815,689,19,164,18,32,,38,15,,11,158,31,20,13,,,,,,,Suppressed (counts 1-9),,,Suppressed (counts 1-9),,,,,
09/27/2023,Colorado,2022,35,2022-09-03,835,723,,165,22,38,,47,13,,,139,32,36,24,,,Suppressed (counts 1-9),,,,Suppressed (counts 1-9),,,Suppressed (counts 1-9),Suppressed (counts 1-9),,,,
09/27/2023,Colorado,2022,36,2022-09-10,856,733,16,152,25,25,,37,12,11,,158,49,32,19,,,,,,,Suppressed (counts 1-9),,,,Suppressed (counts 1-9),,,,
09/27/2023,Colorado,2022,37,2022-09-17,865,747,17,175,21,35,,52,12,13,,155,34,30,12,,,,,,,Suppressed (counts 1-9),,,,Suppressed (counts 1-9),,,,
09/27/2023,Colorado,2022,38,2022-09-24,869,751,,185,14,28,11,41,,,,147,40,41,19,,,Suppressed (counts 1-9),,,,,,Suppressed (counts 1-9),Suppressed (counts 1-9),Suppressed (counts 1-9),,,,
09/27/2023,Colorado,2022,39,2022-10-01,881,749,13,159,22,36,,46,12,13,,142,46,32,17,,,,,,,Suppressed (counts 1-9),,,,Suppressed (counts 1-9),,,,
09/27/2023,Colorado,2022,40,2022-10-08,782,675,,158,19,31,,43,10,,,143,40,26,14,,,Suppressed (counts 1-9),,,,Suppressed (counts 1-9),,,Suppressed (counts 1-9),Suppressed (counts 1-9),,,,
09/27/2023,Colorado,2022,41,2022-10-15,859,727,12,155,32,39,,45,12,14,,143,28,28,16,,,,,,,Suppressed (counts 1-9),,,,Suppressed (counts 1-9),,,,
09/27/2023,Colorado,2022,42,2022-10-22,910,788,11,161,28,43,13,49,17,13,,163,42,27,15,,,,,,,,,,,Suppressed (counts 1-9),,,,
09/27/2023,Colorado,2022,43,2022-10-29,863,740,,160,26,45,,51,12,12,,142,40,33,25,,,Suppressed (counts 1-9),,,,Suppressed (counts 1-9),,,,Suppressed (counts 1-9),,,,
09/27/2023,Colorado,2022,44,2022-11-05,918,771,10,143,21,34,,57,12,,,158,36,43,25,,,,,,,Suppressed (counts 1-9),,,Suppressed (counts 1-9),Suppressed (counts 1-9),,,,
09/27/2023,Colorado,2022,45,2022-11-12,938,816,,177,23,43,,32,10,14,,172,41,54,29,,,Suppressed (counts 1-9),,,,Suppressed (counts 1-9),,,,Suppressed (counts 1-9),,,,
09/27/2023,Colorado,2022,46,2022-11-19,954,830,,163,28,37,,49,13,10,,173,53,65,41,,,Suppressed (counts 1-9),,,,Suppressed (counts 1-9),,,,Suppressed (counts 1-9),,,,
09/27/2023,Colorado,2022,47,2022-11-26,982,851,11,161,23,37,14,47,14,12,,204,45,57,31,,,,,,,,,,,Suppressed (counts 1-9),,,,
09/27/2023,Colorado,2022,48,2022-12-03,958,843,12,144,33,47,16,63,20,10,,193,33,58,35,,,,,,,,,,,Suppressed (counts 1-9),,,,
09/27/2023,Colorado,2022,49,2022-12-10,1002,882,11,171,19,36,14,52,20,,,184,46,61,41,,,,,,,,,,Suppressed (counts 1-9),Suppressed (counts 1-9),,,,
09/27/2023,Colorado,2022,50,2022-12-17,970,841,10,188,26,35,13,67,20,17,,165,41,47,29,,,,,,,,,,,Suppressed (counts 1-9),,,,
09/27/2023,Colorado,2022,51,2022-12-24,1046,890,13,174,23,36,19,63,15,11,,178,51,52,27,,,,,,,,,,,Suppressed (counts 1-9),,,,
09/27/2023,Colorado,2022,52,2022-12-31,1000,865,,172,24,39,29,66,10,16,,162,42,50,27,,,Suppressed (counts 1-9),,,,,,,,Suppressed (counts 1-9),,,,
09/27/2023,Colorado,2023,1,2023-01-07,973,844,12,152,27,37,22,66,13,13,,176,41,55,27,,,,,,,,,,,Suppressed (counts 1-9),,,,
09/27/2023,Colorado,2023,2,2023-01-14,947,838,,150,25,32,14,59,17,22,,164,48,48,22,,,Suppressed (counts 1-9),,,,,,,,Suppressed (counts 1-9),,,,
09/27/2023,Colorado,2023,3,2023-01-21,935,837,13,159,27,46,13,64,15,17,,166,56,41,23,,,,,,,,,,,Suppressed (counts 1-9),,,,
09/27/2023,Colorado,2023,4,2023-01-28,872,765,10,138,21,38,,67,14,12,,170,33,25,13,,,,,,,Suppressed (counts 1-9),,,,Suppressed (counts 1-9),,,,
09/27/2023,Colorado,2023,5,2023-02-04,882,783,12,165,23,32,11,49,11,10,,166,47,25,10,,,,,,,,,,,Suppressed (counts 1-9),,,,
09/27/2023,Colorado,2023,6,2023-02-11,843,719,,164,18,31,,42,,11,,161,49,23,,,,Suppressed (counts 1-9),,,,Suppressed (counts 1-9),,Suppressed (counts 1-9),,Suppressed (counts 1-9),,,,Suppressed (counts 1-9)
09/27/2023,Colorado,2023,7,2023-02-18,928,815,11,166,25,47,,36,15,12,,175,46,20,,,,,,,,Suppressed (counts 1-9),,,,Suppressed (counts 1-9),,,,Suppressed (counts 1-9)
09/27/2023,Colorado,2023,8,2023-02-25,912,813,13,161,27,38,,67,19,13,,157,45,22,10,,,,,,,Suppressed (counts 1-9),,,,Suppressed (counts 1-9),,,,
09/27/2023,Colorado,2023,9,2023-03-04,921,801,10,168,26,36,,43,14,14,,158,44,27,17,,,,,,,Suppressed (counts 1-9),,,,Suppressed (counts 1-9),,,,
09/27/2023,Colorado,2023,10,2023-03-11,859,757,11,144,20,37,,71,17,12,,165,30,25,12,,,,,,,Suppressed (counts 1-9),,,,Suppressed (counts 1-9),,,,
09/27/2023,Colorado,2023,11,2023-03-18,896,790,23,179,22,31,,53,18,12,,150,37,25,11,,,,,,,Suppressed (counts 1-9),,,,Suppressed (counts 1-9),,,,
09/27/2023,Colorado,2023,12,2023-03-25,884,759,11,161,21,35,,52,21,11,,150,50,24,19,,,,,,,Suppressed (counts 1-9),,,,Suppressed (counts 1-9),,,,
09/27/2023,Colorado,2023,13,2023-04-01,870,768,10,151,30,40,,56,17,,,170,38,31,18,,,,,,,Suppressed (counts 1-9),,,Suppressed (counts 1-9),Suppressed (counts 1-9),,,,
09/27/2023,Colorado,2023,14,2023-04-08,962,836,10,172,31,45,,46,14,10,,164,44,27,13,,,,,,,Suppressed (counts 1-9),,,,Suppressed (counts 1-9),,,,
09/27/2023,Colorado,2023,15,2023-04-15,905,772,,181,18,40,,48,15,12,,160,54,23,13,,,Suppressed (counts 1-9),,,,Suppressed (counts 1-9),,,,Suppressed (counts 1-9),,,,
09/27/2023,Colorado,2023,16,2023-04-22,857,755,,149,21,40,,44,14,13,,184,38,19,,,,Suppressed (counts 1-9),,,,Suppressed (counts 1-9),,,,Suppressed (counts 1-9),,,,Suppressed (counts 1-9)
09/27/2023,Colorado,2023,17,2023-04-29,893,792,15,178,27,31,10,47,14,10,,152,46,16,,,,,,,,,,,,Suppressed (counts 1-9),,,,Suppressed (counts 1-9)
09/27/2023,Colorado,2023,18,2023-05-06,900,776,14,167,21,28,,48,,,,190,46,18,,,,,,,,Suppressed (counts 1-9),,Suppressed (counts 1-9),Suppressed (counts 1-9),Suppressed (counts 1-9),,,,Suppressed (counts 1-9)
09/27/2023,Colorado,2023,19,2023-05-13,901,765,14,178,18,34,,39,14,12,,163,48,13,,,,,,,,Suppressed (counts 1-9),,,,Suppressed (counts 1-9),,,,Suppressed (counts 1-9)
09/27/2023,Colorado,2023,20,2023-05-20,758,652,,154,18,28,,43,10,,,137,43,15,,,,Suppressed (counts 1-9),,,,Suppressed (counts 1-9),,,Suppressed (counts 1-9),Suppressed (counts 1-9),,,,Suppressed (counts 1-9)
09/27/2023,Colorado,2023,21,2023-05-27,833,708,10,162,24,25,,43,17,,10,154,38,,,,,,,,,Suppressed (counts 1-9),,,Suppressed (counts 1-9),,,,Suppressed (counts 1-9),Suppressed (counts 1-9)
09/27/2023,Colorado,2023,22,2023-06-03,806,665,,142,22,35,,37,15,,,132,50,,,,,Suppressed (counts 1-9),,,,Suppressed (counts 1-9),,,Suppressed (counts 1-9),Suppressed (counts 1-9),,,Suppressed (counts 1-9),Suppressed (counts 1-9)
09/27/2023,Colorado,2023,23,2023-06-10,823,720,11,177,20,22,,53,,14,,144,45,13,,,,,,,,Suppressed (counts 1-9),,Suppressed (counts 1-9),,Suppressed (counts 1-9),,,,Suppressed (counts 1-9)
09/27/2023,Colorado,2023,24,2023-06-17,758,636,,137,25,37,,42,12,10,13,122,43,10,,,,Suppressed (counts 1-9),,,,Suppressed (counts 1-9),,,,,,,,Suppressed (counts 1-9)
09/27/2023,Colorado,2023,25,2023-06-24,899,780,,167,23,34,,38,13,15,22,158,40,11,,,,Suppressed (counts 1-9),,,,Suppressed (counts 1-9),,,,,,,,Suppressed (counts 1-9)
09/27/2023,Colorado,2023,26,2023-07-01,798,711,11,156,18,31,,34,20,,29,147,51,,,,,,,,,Suppressed (counts 1-9),,,Suppressed (counts 1-9),,,,Suppressed (counts 1-9),Suppressed (counts 1-9)
09/27/2023,Colorado,2023,27,2023-07-08,824,705,,166,16,31,,41,11,12,36,166,25,,,,,Suppressed (counts 1-9),,,,Suppressed (counts 1-9),,,,,,,Suppressed (counts 1-9),Suppressed (counts 1-9)
09/27/2023,Colorado,2023,28,2023-07-15,786,690,,138,15,35,,47,16,12,24,151,48,,,,,Suppressed (counts 1-9),,,,Suppressed (counts 1-9),,,,,,,Suppressed (counts 1-9),Suppressed (counts 1-9)
09/27/2023,Colorado,2023,29,2023-07-22,835,727,,159,22,32,,44,21,,36,145,32,,,,,Suppressed (counts 1-9),,,,Suppressed (counts 1-9),,,Suppressed (counts 1-9),,,,Suppressed (counts 1-9),Suppressed (counts 1-9)
09/27/2023,Colorado,2023,30,2023-07-29,802,710,10,159,22,30,,39,14,,35,145,37,11,,,,,,,,Suppressed (counts 1-9),,,Suppressed (counts 1-9),,,,,Suppressed (counts 1-9)
09/27/2023,Colorado,2023,31,2023-08-05,851,775,,168,20,34,,31,12,,42,157,44,,,,,Suppressed (counts 1-9),,,,Suppressed (counts 1-9),,,Suppressed (counts 1-9),,,,Suppressed (counts 1-9),Suppressed (counts 1-9)
09/27/2023,Colorado,2023,32,2023-08-12,792,715,,142,15,32,10,38,13,,54,149,44,,,,,Suppressed (counts 1-9),,,,,,,Suppressed (counts 1-9),,,,Suppressed (counts 1-9),Suppressed (counts 1-9)
09/27/2023,Colorado,2023,33,2023-08-19,850,782,10,145,20,39,,40,17,,63,152,49,,,,,,,,,Suppressed (counts 1-9),,,Suppressed (counts 1-9),,,,Suppressed (counts 1-9),Suppressed (counts 1-9)
09/27/2023,Colorado,2023,34,2023-08-26,835,785,,202,22,32,,37,16,,72,132,33,17,,,,Suppressed (counts 1-9),,,,Suppressed (counts 1-9),,,Suppressed (counts 1-9),,,,,Suppressed (counts 1-9)
09/27/2023,Colorado,2023,35,2023-09-02,807,757,,165,16,31,,46,13,12,87,118,42,10,,,,Suppressed (counts 1-9),,,,Suppressed (counts 1-9),,,,,,,,Suppressed (counts 1-9)
09/27/2023,Colorado,2023,36,2023-09-09,704,685,,151,,30,,46,,10,83,118,32,10,,,,Suppressed (counts 1-9),,Suppressed (counts 1-9),,Suppressed (counts 1-9),,Suppressed (counts 1-9),,,,,,Suppressed (counts 1-9)
09/27/2023,Colorado,2023,37,2023-09-16,551,551,,117,15,33,,25,,,66,93,36,13,10,,,Suppressed (counts 1-9),,,,Suppressed (counts 1-9),,Suppressed (counts 1-9),Suppressed (counts 1-9),,,,,
